{
  "name": "fabric.js",
  "version": "1.4.9",
  "homepage": "http://fabricjs.com",
  "authors": [
    "kangax",
    "Kienz"
  ],
  "description": "Object model for HTML5 canvas, and SVG-to-canvas parser. Backed by jsdom and node-canvas.",
  "main": "./dist/fabric.min.js",
  "ignore": [
    "lib",
    "src",
    "test",
    "build_all",
    "build.js",
    "build.sh",
    "create_build_script.js",
    "test.js",
    "HEADER.js"
  ],
  "keywords": [
    "canvas",
    "graphic",
    "graphics",
    "SVG",
    "node-canvas",
    "parser",
    "HTML5",
    "object model"
  ],
  "license": "MIT",
  "_release": "1.4.9",
  "_resolution": {
    "type": "version",
    "tag": "v1.4.9",
    "commit": "c817fc1cb065409064b0a3a46b7f2d5a54827ef9"
  },
  "_source": "git://github.com/kangax/fabric.js.git",
  "_target": "1.4.9",
  "_originalSource": "fabric"
}